-- phpMyAdmin SQL Dump
-- version 5.1.1
-- https://www.phpmyadmin.net/
--
-- Host: localhost
-- Generation Time: Aug 13, 2021 at 08:47 PM
-- Server version: 10.4.20-MariaDB
-- PHP Version: 8.0.8

SET SQL_MODE = "NO_AUTO_VALUE_ON_ZERO";
START TRANSACTION;
SET time_zone = "+00:00";


/*!40101 SET @OLD_CHARACTER_SET_CLIENT=@@CHARACTER_SET_CLIENT */;
/*!40101 SET @OLD_CHARACTER_SET_RESULTS=@@CHARACTER_SET_RESULTS */;
/*!40101 SET @OLD_COLLATION_CONNECTION=@@COLLATION_CONNECTION */;
/*!40101 SET NAMES utf8mb4 */;

--
-- Database: `travel_db`
--

-- --------------------------------------------------------

--
-- Table structure for table `bookings`
--

CREATE TABLE `bookings` (
  `id` int(11) NOT NULL,
  `user_id` int(11) NOT NULL,
  `tour_id` int(11) NOT NULL,
  `booking_ref` varchar(64) NOT NULL,
  `date` date NOT NULL
) ENGINE=InnoDB DEFAULT CHARSET=utf8mb4;

--
-- Dumping data for table `bookings`
--

INSERT INTO `bookings` (`id`, `user_id`, `tour_id`, `booking_ref`, `date`) VALUES
(1, 2, 1, 'TBT-123456', '2020-12-20'),
(2, 1, 2, 'TBT-111111', '2022-01-11'),
(3, 1, 3, 'TBT-121212', '2021-11-30'),
(4, 3, 4, 'TBT-444444', '2021-12-02'),
(5, 4, 1, 'test', '2022-01-03'),
(6, 2, 2, 'TBT-1234567', '2021-12-22');

-- --------------------------------------------------------

--
-- Table structure for table `customers`
--

CREATE TABLE `customers` (
  `user_id` int(11) NOT NULL,
  `first_name` varchar(64) DEFAULT NULL,
  `last_name` varchar(100) DEFAULT NULL,
  `email` varchar(200) DEFAULT NULL
) ENGINE=InnoDB DEFAULT CHARSET=utf8mb4;

--
-- Dumping data for table `customers`
--

INSERT INTO `customers` (`user_id`, `first_name`, `last_name`, `email`) VALUES
(1, 'Mary', 'Potts', 'mary@live.de'),
(2, 'Alice', 'Britton', 'alice@gmail.com'),
(3, 'Anthony', 'Halls', 'tony@qq.com'),
(4, 'test', 'test', 'test@gmail.com');

-- --------------------------------------------------------

--
-- Table structure for table `tokens`
--

CREATE TABLE `tokens` (
  `id` int(11) NOT NULL,
  `user_id` int(11) NOT NULL DEFAULT 0,
  `token` varchar(256) NOT NULL
) ENGINE=InnoDB DEFAULT CHARSET=utf8mb4;

--
-- Dumping data for table `tokens`
--

INSERT INTO `tokens` (`id`, `user_id`, `token`) VALUES
(1, 2, '93026.85620087781'),
(2, 2, '745749.9023850245'),
(3, 2, '895586.9842096051'),
(4, 2, '66176.54626747816'),
(5, 2, '424090.13024852204'),
(6, 2, '402845.6923024073'),
(7, 2, '258442.1742740457'),
(8, 2, '195585.2651543517'),
(9, 2, '911479.664098859'),
(10, 2, '564976.1319806414'),
(11, 1, '11646.155087307487'),
(12, 1, '125272.17716236506'),
(13, 1, '108459.64241709404'),
(14, 1, '566052.1189003144'),
(15, 1, '745026.197575086'),
(16, 1, '575525.8979275863'),
(17, 1, '110588.89243419445'),
(18, 1, '778744.9089288305'),
(19, 1, '562519.6259098384'),
(20, 1, '839059.5991719891'),
(21, 1, '147174.2541837624'),
(22, 1, '883218.8878074319'),
(23, 1, '377239.46975541825'),
(24, 1, '539533.252729657'),
(25, 1, '483658.6159706422'),
(26, 1, '366958.28433175915'),
(27, 1, '789234.2289554934'),
(28, 1, '769312.9843533477'),
(29, 1, '48240.058658218346'),
(30, 1, '71529.2958191429'),
(31, 1, '810453.7981821549'),
(32, 4, '271985.1034176333'),
(33, 4, '611889.7179345442'),
(34, 4, '436212.6299494826'),
(35, 4, '814524.459552034'),
(36, 4, '260593.94266881398'),
(37, 4, '292796.02277022466'),
(38, 4, '812753.4143037931'),
(39, 4, '577958.3852927714'),
(40, 4, '264366.9051386519'),
(41, 4, '367115.35727702425'),
(42, 4, '585281.3192892603'),
(43, 4, '556171.5635098901'),
(44, 4, '554594.4472221817'),
(45, 4, '822829.0457927276'),
(46, 1, '880829.9726540609'),
(47, 1, '985662.3175954733'),
(48, 1, '211113.2040824859'),
(49, 1, '85421.78523491639'),
(50, 1, '859261.2744103987'),
(51, 1, '445563.38927196857'),
(52, 1, '805185.5444190863'),
(53, 1, '71716.870701515'),
(54, 1, '327842.2159154386'),
(55, 1, '895970.8984852717'),
(56, 4, '656206.7354141463'),
(57, 4, '998413.7808464807'),
(58, 4, '976348.6879024175'),
(59, 4, '658717.9485536938'),
(60, 4, '7371.324802766699'),
(61, 4, '109938.61322099385'),
(62, 4, '751605.7039595365'),
(63, 4, '588801.3598837316'),
(64, 4, '177814.3516369486'),
(65, 4, '67180.95638649046'),
(66, 4, '97258.93224584237'),
(67, 4, '236536.5700723394'),
(68, 4, '144718.2979435915'),
(69, 4, '300525.58589749737'),
(70, 4, '54937.400006984884'),
(71, 4, '161914.59788632434'),
(72, 4, '633685.4150080078'),
(73, 4, '510024.7839228982'),
(74, 4, '815056.2861061315'),
(75, 4, '218729.33296302176'),
(76, 4, '750304.557048338'),
(77, 4, '645381.425829643'),
(78, 4, '394132.5319587967'),
(79, 4, '994239.463142923'),
(80, 1, '722947.7034900369'),
(81, 4, '135809.70805894976'),
(82, 4, '2958.227507545708'),
(83, 4, '421428.2625878503'),
(84, 4, '122883.46668156369'),
(85, 1, '703801.871618545'),
(86, 4, '451151.95971538656'),
(87, 4, '313292.53060891'),
(88, 4, '659232.6654577958'),
(89, 4, '928858.7208876078'),
(90, 1, '525131.4146930639'),
(91, 4, '954354.2402484813'),
(92, 4, '213511.70280731836'),
(93, 4, '340511.3723643731'),
(94, 4, '213225.7589032853'),
(95, 1, '294087.2140049684'),
(96, 2, '618362.217573178'),
(97, 2, '61436.491456646756'),
(98, 2, '361289.5439590673'),
(99, 2, '283188.9211275571'),
(100, 2, '558725.7274665678'),
(101, 2, '383255.5234545436'),
(102, 2, '229484.26939904664'),
(103, 2, '131534.49324577648'),
(104, 2, '288345.8610730234'),
(105, 2, '286401.3184664975'),
(106, 2, '87417.24266087792'),
(107, 2, '794630.6493475586'),
(108, 2, '411494.4891440022'),
(109, 2, '430515.32701127825'),
(110, 2, '832280.1952071792'),
(111, 2, '694756.6666047189'),
(112, 2, '10925.962862279759'),
(113, 2, '524675.1622251422'),
(114, 2, '901762.8881088324'),
(115, 2, '192917.93536608503'),
(116, 2, '597699.7964972557'),
(117, 2, '352552.8989918307'),
(118, 2, '955281.6049604135'),
(119, 2, '265262.88629199704'),
(120, 2, '210393.91563342247'),
(121, 2, '569126.2331819957'),
(122, 2, '650229.1152986197'),
(123, 2, '126540.19098837388'),
(124, 2, '685498.2680754975'),
(125, 2, '603749.2834976979'),
(126, 2, '883829.0601771713'),
(127, 2, '862064.6983074662'),
(128, 2, '183794.08154298548'),
(129, 2, '537727.9698512964'),
(130, 2, '608326.6428646616'),
(131, 2, '804832.9607222374'),
(132, 2, '51455.10875357373'),
(133, 2, '491481.5146112612'),
(134, 2, '179451.38178485865'),
(135, 2, '728907.2247241333'),
(136, 2, '326744.7679780644'),
(137, 2, '655116.0868831361'),
(138, 2, '989443.5580653305'),
(139, 2, '814332.3092574084'),
(140, 2, '40633.649866189444'),
(141, 2, '601854.9636169645'),
(142, 2, '104071.69596511667'),
(143, 2, '21265.568394060796'),
(144, 2, '730816.6263373661'),
(145, 2, '840460.4958803641'),
(146, 2, '676412.413458859'),
(147, 2, '370451.26821803744'),
(148, 2, '435340.3137858767'),
(149, 2, '592307.3987686111'),
(150, 2, '445520.8504820827'),
(151, 2, '454338.1490479577'),
(152, 2, '979956.3886623271'),
(153, 2, '530826.3294842837'),
(154, 2, '856401.9561231844'),
(155, 2, '569161.9820448299'),
(156, 2, '581464.0677259153'),
(157, 2, '508555.1113361921'),
(158, 2, '260596.8283531028'),
(159, 2, '964525.2533422812'),
(160, 2, '531835.4738632276'),
(161, 2, '560890.7954965503'),
(162, 2, '391360.8058719176'),
(163, 2, '383145.4886322303'),
(164, 2, '427428.2973156023'),
(165, 2, '637838.5332728304'),
(166, 2, '941487.2826514995'),
(167, 2, '887447.8365767964'),
(168, 2, '656294.1160374796'),
(169, 2, '835344.1897835188'),
(170, 2, '247746.50360338614'),
(171, 2, '111671.30705634288'),
(172, 2, '747461.1846458748'),
(173, 2, '869667.0833205195'),
(174, 2, '331412.1100971703'),
(175, 2, '999718.6082677683'),
(176, 2, '287344.7359675321'),
(177, 2, '537448.5531487787');

-- --------------------------------------------------------

--
-- Table structure for table `tours`
--

CREATE TABLE `tours` (
  `id` int(11) NOT NULL,
  `tour_id` int(11) NOT NULL,
  `tour` varchar(256) NOT NULL,
  `departure_time` time NOT NULL,
  `location` varchar(11) NOT NULL
) ENGINE=InnoDB DEFAULT CHARSET=utf8mb4;

--
-- Dumping data for table `tours`
--

INSERT INTO `tours` (`id`, `tour_id`, `tour`, `departure_time`, `location`) VALUES
(1, 1, 'Loch Ness, Glencoe and the Highlands', '08:00:00', 'Edinburgh'),
(2, 2, 'Rosslyn Chapel, the Scottish Borders and Glenkinchie Distillery', '09:15:00', 'Edinburgh'),
(3, 3, 'Loch Lomond, Stirling Castle and the Kelpies', '08:45:00', 'Inverness'),
(4, 4, 'West Highland Lochs, Mountains and Castles', '09:15:00', 'Glasgow');

--
-- Indexes for dumped tables
--

--
-- Indexes for table `bookings`
--
ALTER TABLE `bookings`
  ADD PRIMARY KEY (`id`);

--
-- Indexes for table `customers`
--
ALTER TABLE `customers`
  ADD PRIMARY KEY (`user_id`);

--
-- Indexes for table `tokens`
--
ALTER TABLE `tokens`
  ADD PRIMARY KEY (`id`);

--
-- Indexes for table `tours`
--
ALTER TABLE `tours`
  ADD PRIMARY KEY (`id`);

--
-- AUTO_INCREMENT for dumped tables
--

--
-- AUTO_INCREMENT for table `bookings`
--
ALTER TABLE `bookings`
  MODIFY `id` int(11) NOT NULL AUTO_INCREMENT, AUTO_INCREMENT=7;

--
-- AUTO_INCREMENT for table `customers`
--
ALTER TABLE `customers`
  MODIFY `user_id` int(11) NOT NULL AUTO_INCREMENT, AUTO_INCREMENT=6;

--
-- AUTO_INCREMENT for table `tokens`
--
ALTER TABLE `tokens`
  MODIFY `id` int(11) NOT NULL AUTO_INCREMENT, AUTO_INCREMENT=178;

--
-- AUTO_INCREMENT for table `tours`
--
ALTER TABLE `tours`
  MODIFY `id` int(11) NOT NULL AUTO_INCREMENT, AUTO_INCREMENT=5;
COMMIT;

/*!40101 SET CHARACTER_SET_CLIENT=@OLD_CHARACTER_SET_CLIENT */;
/*!40101 SET CHARACTER_SET_RESULTS=@OLD_CHARACTER_SET_RESULTS */;
/*!40101 SET COLLATION_CONNECTION=@OLD_COLLATION_CONNECTION */;
